map_id,world,parent,size,region,name,neighbors,entrances,gates,tags
0x00,LW,0x00,large,LW Toto Ranch / Hotel Kaly (northwest),Toto Ranch (Loom Ranch),,ent82->r3 ent3F->r101,,"VERIFIED: parent,size,entrances(ID->room),gate tile positions | INFERRED: region,name,neighbor walkability,gate role"
0x01,LW,0x00,large,LW Toto Ranch / Hotel Kaly (northwest),Toto Ranch,E->$02:open,ent3E->r101 ent4B->r108,,"VERIFIED: parent,size,entrances(ID->room),gate tile positions | INFERRED: region,name,neighbor walkability,gate role"
0x02,LW,0x02,small,LW Hall of Secrets pyramid route,Hall of Secrets pyramid route (plateau; pad to DW $42),E->$03:open S->$0A:blocked W->$00(01):open,ent12->r11,warp-tile x4,"VERIFIED: parent,size,entrances(ID->room),gate tile positions | INFERRED: region,name,neighbor walkability,gate role"
0x03,LW,0x03,small,LW Mount Frostpeak,Frostpeak west (pad to DW $43),E->$04:open S->$0B:open W->$02:open,ent84->r120,"Hammer x4 tiles {(7,12):DECOR (13,12):DECOR (26,17):POCKET (22,19):DECOR}; warp-tile x1","VERIFIED: parent,size,entrances(ID->room),gate tile positions | INFERRED: region,name,neighbor walkability,gate role"
0x04,LW,0x04,small,LW Mount Frostpeak,Frostpeak west peak (pit chasm east),E->$05:open S->$0B(0C):blocked W->$03:open,ent20->rDF ent1F->rEF,"Glove x1 tiles {(20,26):POCKET} note: POCKET: 18 cells; Hammer x1 tiles {(4,22):DECOR}","VERIFIED: parent,size,entrances(ID->room),gate tile positions | INFERRED: region,name,neighbor walkability,gate role"
0x05,LW,0x05,small,LW Mount Frostpeak,Frostpeak east peak,E->$06:open S->$0D:blocked W->$04:open,ent31->rD4 ent17->rEB ent30->rE4,,"VERIFIED: parent,size,entrances(ID->room),gate tile positions | INFERRED: region,name,neighbor walkability,gate role"
0x06,LW,0x06,small,LW Mount Frostpeak,Glacia Estate approach (D5),E->$07:open S->$0E:open W->$05:open,ent34->rDB,,"VERIFIED: parent,size,entrances(ID->room),gate tile positions | INFERRED: region,name,neighbor walkability,gate role"
0x07,LW,0x07,small,LW Mount Frostpeak,Frostpeak summit (2 pads to DW $47),S->$0F:open W->$06:open,ent56->r120 ent16->rFB,warp-tile x2,"VERIFIED: parent,size,entrances(ID->room),gate tile positions | INFERRED: region,name,neighbor walkability,gate role"
0x08,LW,0x00,large,LW Toto Ranch / Hotel Kaly (northwest),Toto Ranch,S->$10:open,,,"VERIFIED: parent,size,entrances(ID->room),gate tile positions | INFERRED: region,name,neighbor walkability,gate role"
0x09,LW,0x00,large,LW Toto Ranch / Hotel Kaly (northwest),Toto Ranch,E->$0A:open S->$11:open,,,"VERIFIED: parent,size,entrances(ID->room),gate tile positions | INFERRED: region,name,neighbor walkability,gate role"
0x0A,LW,0x0A,small,LW Toto Ranch / Hotel Kaly (northwest),Hotel Kaly (West Hotel),E->$0B:open N->$02:blocked S->$12:open W->$00(09):open,ent71->r126 ent4D->r10A ent60->r10F,deepwater:96,"VERIFIED: parent,size,entrances(ID->room),gate tile positions | INFERRED: region,name,neighbor walkability,gate role"
0x0B,LW,0x0B,large,LW Kalyxo Castle & Witch hills,Kalyxo Castle (D3),N->$03:open W->$0A:open,ent0A->r68 ent11->rE3 ent28->r56 ent2A->r58 ent2B->r59,"Glove x8 tiles {(28,4):POCKET (31,4):POCKET (29,6):POCKET (16,23):DECOR (31,31):DECOR} note: POCKET: inside castle courtyard (ent 0x0A, 0x11); deepwater:24","VERIFIED: parent,size,entrances(ID->room),gate tile positions | INFERRED: region,name,neighbor walkability,gate role"
0x0C,LW,0x0B,large,LW Kalyxo Castle & Witch hills,Kalyxo Castle,E->$0D:open N->$04:blocked,ent32->r55,"Glove x2 tiles {(12,16):DECOR}","VERIFIED: parent,size,entrances(ID->room),gate tile positions | INFERRED: region,name,neighbor walkability,gate role"
0x0D,LW,0x0D,small,LW Kalyxo Castle & Witch hills,Witch/Potion Shop hills,E->$0E:blocked N->$05:blocked S->$15:blocked W->$0B(0C):open,ent1E->rFF ent4C->r109 ent07->rF1,"Hammer x3 tiles {(6,6):DECOR (11,6):DECOR (2,22):DECOR}","VERIFIED: parent,size,entrances(ID->room),gate tile positions | INFERRED: region,name,neighbor walkability,gate role"
0x0E,LW,0x0E,small,LW Hall of Secrets & Graveyard,Hall of Secrets,E->$0F:open N->$06:open S->$16:open W->$0D:blocked,ent02->r12 ent3B->r2C,,"VERIFIED: parent,size,entrances(ID->room),gate tile positions | INFERRED: region,name,neighbor walkability,gate role"
0x0F,LW,0x0F,small,LW Hall of Secrets & Graveyard,Graveyard (Korok Cove waterfall),N->$07:open S->$17:open W->$0E:open,ent6A->r10E ent5B->r113 hole7D->rE8,"Glove x1 tiles {(8,24):DECOR}; Hammer x3 tiles {(22,4):POCKET} note: ROUTE: seals Korok Cove waterfall trigger (22-24,1); deepwater:28","VERIFIED: parent,size,entrances(ID->room),gate tile positions | INFERRED: region,name,neighbor walkability,gate role"
0x10,LW,0x10,small,"LW West Kalyxo (woods, D1)",Mushroom Grotto (D1),E->$11:open N->$00(08):open S->$18:open,ent26->r4A,"Hammer x3 tiles {(16,5):POCKET (17,6):POCKET (8,20):DECOR} note: POCKET: 48-cell pocket (16-17,5-6)","VERIFIED: parent,size,entrances(ID->room),gate tile positions | INFERRED: region,name,neighbor walkability,gate role"
0x11,LW,0x11,small,"LW West Kalyxo (woods, D1)",Healing Fairy pond (pad to DW $51),E->$12:open N->$00(09):open S->$18(19):open W->$10:open,ent38->r8 hole7F->r8,"Glove x7 tiles {(11,13):DECOR (7,14):DECOR (6,15):DECOR (6,19):DECOR (7,20):DECOR}; deepwater:72; warp-tile x1","VERIFIED: parent,size,entrances(ID->room),gate tile positions | INFERRED: region,name,neighbor walkability,gate role"
0x12,LW,0x12,small,"LW West Kalyxo (woods, D1)",West crossroads,E->$0B(13):open N->$0A:open S->$1A:open W->$11:open,,"Boots x4 tiles {(21,3):DECOR}; deepwater:90","VERIFIED: parent,size,entrances(ID->room),gate tile positions | INFERRED: region,name,neighbor walkability,gate role"
0x13,LW,0x0B,large,LW Kalyxo Castle & Witch hills,Kalyxo Castle,S->$1B:open W->$12:open,ent71->r126,"Glove x1 tiles {(31,4):DECOR}","VERIFIED: parent,size,entrances(ID->room),gate tile positions | INFERRED: region,name,neighbor walkability,gate role"
0x14,LW,0x0B,large,LW Kalyxo Castle & Witch hills,Kalyxo Castle,E->$15:blocked S->$1C:open,,"Hammer x1 tiles {(3,10):DECOR}","VERIFIED: parent,size,entrances(ID->room),gate tile positions | INFERRED: region,name,neighbor walkability,gate role"
0x15,LW,0x15,small,LW Kalyxo Castle & Witch hills,Fairy Fountain East,E->$16:open N->$0D:blocked S->$1D:open W->$0B(14):blocked,ent06->rF0 ent55->r11E ent69->r10E ent51->r11B ent13->rF8,"Glove x9 tiles {(4,3):POCKET (23,15):DECOR (22,16):DECOR (23,17):DECOR (26,18):DECOR (25,19):DECOR} note: POCKET: big rock (4-5,3-4) 24-cell pocket; small rocks decor; deepwater:143","VERIFIED: parent,size,entrances(ID->room),gate tile positions | INFERRED: region,name,neighbor walkability,gate role"
0x16,LW,0x16,small,LW Kalyxo Castle & Witch hills,East road,E->$17:open N->$0E:open S->$1E:blocked W->$15:open,ent65->r122 ent14->rE8,"Glove x3 tiles {(2,19):DECOR (3,20):DECOR (15,28):DECOR}","VERIFIED: parent,size,entrances(ID->room),gate tile positions | INFERRED: region,name,neighbor walkability,gate role"
0x17,LW,0x17,small,LW Hall of Secrets & Graveyard,South of Graveyard (tree house trigger; pad to DW $57),N->$0F:open S->$1E(1F):open W->$16:open,,"Glove x8 tiles {(21,23):POCKET (20,24):POCKET (22,24):POCKET (19,25):POCKET (23,25):POCKET (20,26):POCKET (22,26):POCKET (21,27):POCKET} note: ROUTE: ring around warp pad $17->DW $57; Hammer x2 tiles {(12,4):DECOR (23,7):DECOR}; warp-tile x1","VERIFIED: parent,size,entrances(ID->room),gate tile positions | INFERRED: region,name,neighbor walkability,gate role"
0x18,LW,0x18,large,"LW West Kalyxo (woods, D1)",Toadstool Woods,N->$10:open,ent2C->rE1 ent67->r118,,"VERIFIED: parent,size,entrances(ID->room),gate tile positions | INFERRED: region,name,neighbor walkability,gate role"
0x19,LW,0x18,large,"LW West Kalyxo (woods, D1)",Toadstool Woods,E->$1A:blocked N->$11:open,ent0D->rF2 ent0E->rF3,deepwater:200,"VERIFIED: parent,size,entrances(ID->room),gate tile positions | INFERRED: region,name,neighbor walkability,gate role"
0x1A,LW,0x1A,small,"LW Central Kalyxo (field, lake, Tail Pond)",Archery area,E->$1B:open N->$12:open S->$22:open W->$18(19):blocked,,"Glove x6 tiles {(20,4):DECOR (21,16):DECOR}; Mitt x2 tiles {(4,5):DECOR} note: DECOR; Hammer x2 tiles {(20,3):DECOR (20,6):DECOR}; deepwater:55","VERIFIED: parent,size,entrances(ID->room),gate tile positions | INFERRED: region,name,neighbor walkability,gate role"
0x1B,LW,0x1B,small,"LW Central Kalyxo (field, lake, Tail Pond)",Castle lake,E->$1C:open N->$0B(13):open S->$23:blocked W->$1A:open,,deepwater:100,"VERIFIED: parent,size,entrances(ID->room),gate tile positions | INFERRED: region,name,neighbor walkability,gate role"
0x1C,LW,0x1C,small,"LW Central Kalyxo (field, lake, Tail Pond)",Castle lake,E->$1D:open N->$0B(14):open S->$23(24):open W->$1B:open,,deepwater:202,"VERIFIED: parent,size,entrances(ID->room),gate tile positions | INFERRED: region,name,neighbor walkability,gate role"
0x1D,LW,0x1D,small,"LW Central Kalyxo (field, lake, Tail Pond)",Fairy Fountain South,E->$1E:open N->$15:open S->$25:open W->$1C:open,ent3A->r3C ent50->r10C,"Boots x4 tiles {(27,20):DECOR}; deepwater:55","VERIFIED: parent,size,entrances(ID->room),gate tile positions | INFERRED: region,name,neighbor walkability,gate role"
0x1E,LW,0x1E,large,LW Zora Sanctuary / Zora River (east),Zora Sanctuary (D4),N->$16:blocked W->$1D:open,ent4E->r10B,deepwater:232,"VERIFIED: parent,size,entrances(ID->room),gate tile positions | INFERRED: region,name,neighbor walkability,gate role"
0x1F,LW,0x1E,large,LW Zora Sanctuary / Zora River (east),Zora River,N->$17:open,ent25->r28 ent5C->r114,deepwater:252,"VERIFIED: parent,size,entrances(ID->room),gate tile positions | INFERRED: region,name,neighbor walkability,gate role"
0x20,LW,0x18,large,"LW West Kalyxo (woods, D1)",Toadstool Woods,S->$28:open,,"Glove x3 tiles {(18,27):DECOR}; deepwater:3","VERIFIED: parent,size,entrances(ID->room),gate tile positions | INFERRED: region,name,neighbor walkability,gate role"
0x21,LW,0x18,large,"LW West Kalyxo (woods, D1)",Toadstool Woods,E->$22:open S->$29:open,,deepwater:324,"VERIFIED: parent,size,entrances(ID->room),gate tile positions | INFERRED: region,name,neighbor walkability,gate role"
0x22,LW,0x22,small,LW Wayward Village,Smith's House,E->$23:open N->$1A:open S->$2A:blocked W->$18(21):open,ent64->r121,"Glove x2 tiles {(4,17):DECOR}","VERIFIED: parent,size,entrances(ID->room),gate tile positions | INFERRED: region,name,neighbor walkability,gate role"
0x23,LW,0x23,large,LW Wayward Village,Wayward Village,N->$1B:blocked W->$22:open,ent49->r107 ent61->r119,,"VERIFIED: parent,size,entrances(ID->room),gate tile positions | INFERRED: region,name,neighbor walkability,gate role"
0x24,LW,0x23,large,LW Wayward Village,Wayward Village,E->$25:open N->$1C:open,ent40->r102,"Glove x2 tiles {(24,3):DECOR}; deepwater:208","VERIFIED: parent,size,entrances(ID->room),gate tile positions | INFERRED: region,name,neighbor walkability,gate role"
0x25,LW,0x25,small,"LW Central Kalyxo (field, lake, Tail Pond)",Kalyxo Field (pad to DW $65),E->$1E(26):open N->$1D:open S->$2D:open W->$23(24):open,ent23->rEA ent21->rF9 ent22->rFA,"Hammer x4 tiles {(26,12):DECOR (25,13):DECOR (26,15):DECOR}; Boots x4 tiles {(12,10):DECOR}; deepwater:194; warp-tile x1","VERIFIED: parent,size,entrances(ID->room),gate tile positions | INFERRED: region,name,neighbor walkability,gate role"
0x26,LW,0x1E,large,LW Zora Sanctuary / Zora River (east),Zora River,S->$2E:open W->$25:open,ent45->r105,"Glove x5 tiles {(17,15):DECOR (10,27):DECOR}; deepwater:176","VERIFIED: parent,size,entrances(ID->room),gate tile positions | INFERRED: region,name,neighbor walkability,gate role"
0x27,LW,0x1E,large,LW Zora Sanctuary / Zora River (east),Zora River,S->$2F:open,,deepwater:149,"VERIFIED: parent,size,entrances(ID->room),gate tile positions | INFERRED: region,name,neighbor walkability,gate role"
0x28,LW,0x28,small,"LW West Kalyxo (woods, D1)",West woods,E->$29:open N->$18(20):open S->$30:blocked,,"Hammer x1 tiles {(16,20):DECOR}","VERIFIED: parent,size,entrances(ID->room),gate tile positions | INFERRED: region,name,neighbor walkability,gate role"
0x29,LW,0x29,small,"LW West Kalyxo (woods, D1)",Lost Woods (maze),E->$2A:open N->$18(21):open S->$30(31):blocked W->$28:open,,,"VERIFIED: parent,size,entrances(ID->room),gate tile positions | INFERRED: region,name,neighbor walkability,gate role"
0x2A,LW,0x2A,small,LW Wayward Village,Forest Crossroads (Maku Tree/Forest Glade trigger),E->$23(2B):open N->$22:blocked S->$32:open W->$29:open,,"Hammer x3 tiles {(18,20):DECOR (22,26):DECOR}","VERIFIED: parent,size,entrances(ID->room),gate tile positions | INFERRED: region,name,neighbor walkability,gate role"
0x2B,LW,0x23,large,LW Wayward Village,Wayward Village,S->$33:open W->$2A:open,ent4A->r107 ent46->r11F,deepwater:16,"VERIFIED: parent,size,entrances(ID->room),gate tile positions | INFERRED: region,name,neighbor walkability,gate role"
0x2C,LW,0x23,large,LW Wayward Village,Wayward Village,E->$2D:open S->$33(34):open,ent43->r103 ent42->r103 ent44->r103 ent1C->rFE hole80->rFE,,"VERIFIED: parent,size,entrances(ID->room),gate tile positions | INFERRED: region,name,neighbor walkability,gate role"
0x2D,LW,0x2D,small,"LW Central Kalyxo (field, lake, Tail Pond)",Tail Pond (Mask shop),E->$2E:open N->$25:open S->$35:swim W->$23(2C):open,ent2E->rE6 ent6B->r11F,deepwater:130,"VERIFIED: parent,size,entrances(ID->room),gate tile positions | INFERRED: region,name,neighbor walkability,gate role"
0x2E,LW,0x2E,small,LW Tail Palace plateau,Tail Palace cave exit,E->$2F:open N->$1E(26):open S->$36:blocked W->$2D:open,ent2F->rE7,deepwater:28,"VERIFIED: parent,size,entrances(ID->room),gate tile positions | INFERRED: region,name,neighbor walkability,gate role"
0x2F,LW,0x2F,small,LW Tail Palace plateau,Tail Palace (D2),N->$1E(27):open S->$36(37):blocked W->$2E:open,ent15->r5F,deepwater:18,"VERIFIED: parent,size,entrances(ID->room),gate tile positions | INFERRED: region,name,neighbor walkability,gate role"
0x30,LW,0x30,large,LW Dragon Ship dock,Dragon Ship dock (D7),N->$28:blocked,ent35->rD6,"Glove x4 tiles {(23,23):DECOR (14,28):DECOR (15,29):DECOR} note: ACCIDENTAL char alias; Mitt x11 tiles {(23,23):DECOR (18,30):DECOR (16,30):DECOR (20,31):DECOR (21,31):DECOR (22,31):DECOR (26,31):DECOR (27,31):DECOR (28,31):DECOR (29,31):DECOR (30,31):DECOR} note: ACCIDENTAL char alias (shoreline tiles); Boots x2 tiles {(17,30):DECOR (19,31):DECOR} note: ACCIDENTAL char alias; deepwater:458","VERIFIED: parent,size,entrances(ID->room),gate tile positions | INFERRED: region,name,neighbor walkability,gate role"
0x31,LW,0x30,large,LW Dragon Ship dock,Dragon Ship dock,E->$32:blocked N->$29:blocked,,"Glove x3 tiles {(14,26):POCKET (7,30):POCKET} note: ACCIDENTAL char alias; Mitt x11 tiles {(15,26):POCKET (9,30):POCKET (2,31):DECOR (3,31):DECOR (4,31):DECOR (5,31):DECOR (6,31):DECOR (7,31):DECOR} note: ACCIDENTAL char alias; Boots x6 tiles {(17,26):POCKET (10,29):POCKET (8,30):POCKET (10,30):POCKET (9,30):POCKET} note: ACCIDENTAL char alias; deepwater:521","VERIFIED: parent,size,entrances(ID->room),gate tile positions | INFERRED: region,name,neighbor walkability,gate role"
0x32,LW,0x32,small,LW Loom Beach (south coast),Beach Cave area,E->$33:open N->$2A:open S->$3A:swim W->$30(31):blocked,ent1A->rFD,deepwater:298,"VERIFIED: parent,size,entrances(ID->room),gate tile positions | INFERRED: region,name,neighbor walkability,gate role"
0x33,LW,0x33,large,LW Loom Beach (south coast),Loom Beach (Link's House),N->$23(2B):open W->$32:open,ent39->r2F ent01->r104,"Hammer x4 tiles {(8,1):DECOR (28,2):DECOR (31,4):DECOR} note: DECOR/internal (fenced yard pegs); deepwater:20","VERIFIED: parent,size,entrances(ID->room),gate tile positions | INFERRED: region,name,neighbor walkability,gate role"
0x34,LW,0x33,large,LW Loom Beach (south coast),Loom Beach,E->$35:open N->$23(2C):open,ent6D->r124,"Hammer x1 tiles {(7,4):POCKET} note: internal (fenced yard)","VERIFIED: parent,size,entrances(ID->room),gate tile positions | INFERRED: region,name,neighbor walkability,gate role"
0x35,LW,0x35,small,LW Loom Beach (south coast),East beach road,E->$36:open N->$2D:swim S->$3D:open W->$33(34):open,,deepwater:58,"VERIFIED: parent,size,entrances(ID->room),gate tile positions | INFERRED: region,name,neighbor walkability,gate role"
0x36,LW,0x36,large,LW Goron desert (southeast),Goron desert (D6 Goron Mines),N->$2E:blocked W->$35:open,ent5E->r115 ent1B->rED ent27->r98,"Glove x6 tiles {(6,10):DECOR (7,15):DECOR (6,16):DECOR}; deepwater:4","VERIFIED: parent,size,entrances(ID->room),gate tile positions | INFERRED: region,name,neighbor walkability,gate role"
0x37,LW,0x36,large,LW Goron desert (southeast),Goron desert (pad to DW $77),N->$2F:blocked,,"Hammer x5 tiles {(11,12):ROUTE (15,12):ROUTE (12,13):ROUTE} note: ROUTE: foot of stairs to $37 plateau (pad->DW $77, ent 0x5E); bypass by ledge from Tail Palace plateau; warp-tile x1","VERIFIED: parent,size,entrances(ID->room),gate tile positions | INFERRED: region,name,neighbor walkability,gate role"
0x38,LW,0x30,large,LW Dragon Ship dock,Dragon Ship sea,,,deepwater:961,"VERIFIED: parent,size,entrances(ID->room),gate tile positions | INFERRED: region,name,neighbor walkability,gate role"
0x39,LW,0x30,large,LW Dragon Ship dock,Dragon Ship sea,E->$3A:blocked,,deepwater:961,"VERIFIED: parent,size,entrances(ID->room),gate tile positions | INFERRED: region,name,neighbor walkability,gate role"
0x3A,LW,0x3A,small,LW Loom Beach (south coast),Beach island,E->$33(3B):open N->$32:swim W->$30(39):blocked,,deepwater:569,"VERIFIED: parent,size,entrances(ID->room),gate tile positions | INFERRED: region,name,neighbor walkability,gate role"
0x3B,LW,0x33,large,LW Loom Beach (south coast),Loom Beach,W->$3A:open,,deepwater:376,"VERIFIED: parent,size,entrances(ID->room),gate tile positions | INFERRED: region,name,neighbor walkability,gate role"
0x3C,LW,0x33,large,LW Loom Beach (south coast),Loom Beach,E->$3D:open,,deepwater:409,"VERIFIED: parent,size,entrances(ID->room),gate tile positions | INFERRED: region,name,neighbor walkability,gate role"
0x3D,LW,0x3D,small,LW Loom Beach (south coast),SE beach (whirlpool to DW $7D),E->$36(3E):swim N->$35:open W->$33(3C):open,,deepwater:333,"VERIFIED: parent,size,entrances(ID->room),gate tile positions | INFERRED: region,name,neighbor walkability,gate role"
0x3E,LW,0x36,large,LW Goron desert (southeast),Goron desert,W->$3D:swim,ent5F->r10D,deepwater:25,"VERIFIED: parent,size,entrances(ID->room),gate tile positions | INFERRED: region,name,neighbor walkability,gate role"
0x3F,LW,0x36,large,LW Goron desert (southeast),Goron desert,,,deepwater:26,"VERIFIED: parent,size,entrances(ID->room),gate tile positions | INFERRED: region,name,neighbor walkability,gate role"
0x40,DW,0x40,large,DW Temporal Pyramid + Forest of Dreams (intro chunk),Temporal Pyramid (Shrine of Origins),,ent69->r10E ent76->r5,,"VERIFIED: parent,size,entrances(ID->room),gate tile positions | INFERRED: region,name,neighbor walkability,gate role"
0x41,DW,0x40,large,DW Temporal Pyramid + Forest of Dreams (intro chunk),Temporal Pyramid (pedestal),E->$42:open,ent2D->r14,,"VERIFIED: parent,size,entrances(ID->room),gate tile positions | INFERRED: region,name,neighbor walkability,gate role"
0x42,DW,0x42,small,DW Northwest ridge,Pyramid east (LW $02 pad lands),E->$43:blocked S->$4A:open W->$40(41):open,,,"VERIFIED: parent,size,entrances(ID->room),gate tile positions | INFERRED: region,name,neighbor walkability,gate role"
0x43,DW,0x43,small,DW Volcano / Lava Lands,Lava Lands west (LW $03 pad lands),E->$44:blocked S->$4B:blocked W->$42:blocked,ent4F->rD0,,"VERIFIED: parent,size,entrances(ID->room),gate tile positions | INFERRED: region,name,neighbor walkability,gate role"
0x44,DW,0x44,small,DW Volcano / Lava Lands,Lava Lands,E->$45:open S->$4B(4C):blocked W->$43:blocked,ent52->rD1,,"VERIFIED: parent,size,entrances(ID->room),gate tile positions | INFERRED: region,name,neighbor walkability,gate role"
0x45,DW,0x45,small,DW Volcano / Lava Lands,Lava Lands,E->$46:open S->$4D:blocked W->$44:open,ent6C->r123 ent6A->r10E,,"VERIFIED: parent,size,entrances(ID->room),gate tile positions | INFERRED: region,name,neighbor walkability,gate role"
0x46,DW,0x46,small,DW Volcano / Lava Lands,Volcano,E->$47:open S->$4E:open W->$45:open,ent58->r112 ent19->r24,,"VERIFIED: parent,size,entrances(ID->room),gate tile positions | INFERRED: region,name,neighbor walkability,gate role"
0x47,DW,0x47,small,DW Volcano / Lava Lands,Volcano east (LW $07 pads land),S->$4F:blocked W->$46:open,,,"VERIFIED: parent,size,entrances(ID->room),gate tile positions | INFERRED: region,name,neighbor walkability,gate role"
0x48,DW,0x40,large,DW Temporal Pyramid + Forest of Dreams (intro chunk),Temporal Pyramid (Pyramid Fairy),S->$50:open,ent63->r116,"Mitt x7 tiles {(26,8):POCKET (30,8):POCKET (27,10):POCKET} note: POCKET: ring around ent 0x63 (room $116 Pyramid Fairy)","VERIFIED: parent,size,entrances(ID->room),gate tile positions | INFERRED: region,name,neighbor walkability,gate role"
0x49,DW,0x40,large,DW Temporal Pyramid + Forest of Dreams (intro chunk),Temporal Pyramid,E->$4A:open S->$51:open,ent18->r23,,"VERIFIED: parent,size,entrances(ID->room),gate tile positions | INFERRED: region,name,neighbor walkability,gate role"
0x4A,DW,0x4A,small,DW Northwest ridge,Northwest ridge,E->$4B:blocked N->$42:open S->$52:open W->$40(49):open,,deepwater:224,"VERIFIED: parent,size,entrances(ID->room),gate tile positions | INFERRED: region,name,neighbor walkability,gate role"
0x4B,DW,0x4B,large,DW Lupo Mountain,Lupo Mountain (S2),N->$43:blocked W->$4A:blocked,ent5A->r112 ent03->r76,,"VERIFIED: parent,size,entrances(ID->room),gate tile positions | INFERRED: region,name,neighbor walkability,gate role"
0x4C,DW,0x4B,large,DW Lupo Mountain,Lupo Mountain,E->$4D:open N->$44:blocked,ent66->r122,deepwater:22,"VERIFIED: parent,size,entrances(ID->room),gate tile positions | INFERRED: region,name,neighbor walkability,gate role"
0x4D,DW,0x4D,small,DW Lupo Mountain,Lupo east heights,E->$4E:blocked N->$45:blocked S->$55:open W->$4B(4C):open,ent6E->r124,"Glove x3 tiles {(21,7):POCKET (14,19):ROUTE} note: ROUTE: main <-> Lupo heights (14,19); pocket (21-22,7)","VERIFIED: parent,size,entrances(ID->room),gate tile positions | INFERRED: region,name,neighbor walkability,gate role"
0x4E,DW,0x4E,small,DW Volcano / Lava Lands,Volcano slope,E->$4F:open N->$46:open S->$56:open W->$4D:blocked,ent66->r122,,"VERIFIED: parent,size,entrances(ID->room),gate tile positions | INFERRED: region,name,neighbor walkability,gate role"
0x4F,DW,0x4F,small,DW Volcano / Lava Lands,Volcano slope,N->$47:blocked S->$57:open W->$4E:open,ent4A->r107,,"VERIFIED: parent,size,entrances(ID->room),gate tile positions | INFERRED: region,name,neighbor walkability,gate role"
0x50,DW,0x50,small,DW Temporal Pyramid + Forest of Dreams (intro chunk),Shrine of Courage (S3) / Eon Owl,E->$51:open N->$40(48):open S->$58:open,ent0C->r53,"Glove x4 tiles {(13,11):POCKET (16,11):POCKET (14,12):POCKET} note: ROUTE: Shrine of Courage door pocket","VERIFIED: parent,size,entrances(ID->room),gate tile positions | INFERRED: region,name,neighbor walkability,gate role"
0x51,DW,0x51,small,DW Temporal Pyramid + Forest of Dreams (intro chunk),Pyramid-Forest connector,E->$52:open N->$40(49):open S->$58(59):open W->$50:open,,"Glove x3 tiles {(27,13):ROUTE} note: ROUTE: intro chunk <-> main Abyss; deepwater:88","VERIFIED: parent,size,entrances(ID->room),gate tile positions | INFERRED: region,name,neighbor walkability,gate role"
0x52,DW,0x52,small,DW Northwest ridge,Northwest woods,E->$4B(53):blocked N->$4A:open S->$5A:open W->$51:open,,deepwater:27,"VERIFIED: parent,size,entrances(ID->room),gate tile positions | INFERRED: region,name,neighbor walkability,gate role"
0x53,DW,0x4B,large,DW Lupo Mountain,Lupo Mountain,S->$5B:open W->$52:blocked,ent09->r84 ent0B->r83,"Glove x1 tiles {(8,4):POCKET} note: POCKET: 36 cells","VERIFIED: parent,size,entrances(ID->room),gate tile positions | INFERRED: region,name,neighbor walkability,gate role"
0x54,DW,0x4B,large,DW Lupo Mountain,Lupo Mountain,E->$55:open S->$5C:open,ent05->r86,,"VERIFIED: parent,size,entrances(ID->room),gate tile positions | INFERRED: region,name,neighbor walkability,gate role"
0x55,DW,0x55,small,DW Volcano / Lava Lands,Volcano foot,E->$56:open N->$4D:open S->$5D:open W->$4B(54):open,,,"VERIFIED: parent,size,entrances(ID->room),gate tile positions | INFERRED: region,name,neighbor walkability,gate role"
0x56,DW,0x56,small,DW Volcano / Lava Lands,Volcano foot,E->$57:open N->$4E:open S->$5E:open W->$55:open,ent0F->rF4 ent10->rF5,,"VERIFIED: parent,size,entrances(ID->room),gate tile positions | INFERRED: region,name,neighbor walkability,gate role"
0x57,DW,0x57,small,DW Volcano / Lava Lands,Volcano summit (Ganon hole; LW $17 pad lands),N->$4F:open S->$5E(5F):blocked W->$56:open,hole7B->r0 ent24->r15,,"VERIFIED: parent,size,entrances(ID->room),gate tile positions | INFERRED: region,name,neighbor walkability,gate role"
0x58,DW,0x58,large,DW Temporal Pyramid + Forest of Dreams (intro chunk),Forest of Dreams,N->$50:open,ent66->r122,"Glove x2 tiles {(31,16):DECOR (30,17):DECOR}","VERIFIED: parent,size,entrances(ID->room),gate tile positions | INFERRED: region,name,neighbor walkability,gate role"
0x59,DW,0x58,large,DW Temporal Pyramid + Forest of Dreams (intro chunk),Forest of Dreams,E->$5A:blocked N->$51:open,ent4A->r107,deepwater:8,"VERIFIED: parent,size,entrances(ID->room),gate tile positions | INFERRED: region,name,neighbor walkability,gate role"
0x5A,DW,0x5A,small,DW Yesterwind village & swamp,West swamp woods,E->$5B:open N->$52:open S->$62:open W->$58(59):blocked,,deepwater:39,"VERIFIED: parent,size,entrances(ID->room),gate tile positions | INFERRED: region,name,neighbor walkability,gate role"
0x5B,DW,0x5B,small,DW Yesterwind village & swamp,Yesterwind north,E->$5C:open N->$4B(53):open S->$63:open W->$5A:open,ent58->r112 ent57->r110 ent3C->r100,"Glove x2 tiles {(6,5):DECOR (8,5):DECOR}; deepwater:48","VERIFIED: parent,size,entrances(ID->room),gate tile positions | INFERRED: region,name,neighbor walkability,gate role"
0x5C,DW,0x5C,small,DW Yesterwind village & swamp,Dream Hut hill,E->$5D:open N->$4B(54):open S->$63(64):open W->$5B:open,ent7C->r102,"Glove x4 tiles {(12,15):ROUTE (27,19):ROUTE} note: POCKET: 966-cell pocket on $5C/$5D (ent 0x7C)","VERIFIED: parent,size,entrances(ID->room),gate tile positions | INFERRED: region,name,neighbor walkability,gate role"
0x5D,DW,0x5D,small,DW Yesterwind village & swamp,Dream Hut (Maple),E->$5E:open N->$55:open S->$65:open W->$5C:open,ent68->r11A,,"VERIFIED: parent,size,entrances(ID->room),gate tile positions | INFERRED: region,name,neighbor walkability,gate role"
0x5E,DW,0x5E,large,DW Fortress of Secrets (D8),Fortress of Secrets (D8),N->$56:open W->$5D:open,ent62->r114,,"VERIFIED: parent,size,entrances(ID->room),gate tile positions | INFERRED: region,name,neighbor walkability,gate role"
0x5F,DW,0x5E,large,DW Fortress of Secrets (D8),Fortress of Secrets,N->$57:blocked,ent37->rC,,"VERIFIED: parent,size,entrances(ID->room),gate tile positions | INFERRED: region,name,neighbor walkability,gate role"
0x60,DW,0x58,large,DW Temporal Pyramid + Forest of Dreams (intro chunk),Forest of Dreams,S->$68:open,,"Glove x2 tiles {(22,29):DECOR}; deepwater:7","VERIFIED: parent,size,entrances(ID->room),gate tile positions | INFERRED: region,name,neighbor walkability,gate role"
0x61,DW,0x58,large,DW Temporal Pyramid + Forest of Dreams (intro chunk),Forest of Dreams,E->$62:open S->$69:open,ent62->r114,"Glove x6 tiles {(29,4):ROUTE (1,19):DECOR (3,19):DECOR} note: ROUTE: intro chunk <-> main Abyss (x=29,y=4-7); others decor; deepwater:83","VERIFIED: parent,size,entrances(ID->room),gate tile positions | INFERRED: region,name,neighbor walkability,gate role"
0x62,DW,0x62,small,DW Yesterwind village & swamp,Swamp west,E->$63:open N->$5A:open S->$6A:open W->$58(61):open,,deepwater:28,"VERIFIED: parent,size,entrances(ID->room),gate tile positions | INFERRED: region,name,neighbor walkability,gate role"
0x63,DW,0x63,large,DW Yesterwind village & swamp,Village of Yesterwind (S1),N->$5B:open W->$62:open,,deepwater:68,"VERIFIED: parent,size,entrances(ID->room),gate tile positions | INFERRED: region,name,neighbor walkability,gate role"
0x64,DW,0x63,large,DW Yesterwind village & swamp,Village of Yesterwind,E->$65:open N->$5C:open,ent33->rC9,deepwater:178,"VERIFIED: parent,size,entrances(ID->room),gate tile positions | INFERRED: region,name,neighbor walkability,gate role"
0x65,DW,0x65,small,DW Yesterwind village & swamp,Yesterwind east (LW $25 pad lands),E->$5E(66):open N->$5D:open S->$6D:open W->$63(64):open,,,"VERIFIED: parent,size,entrances(ID->room),gate tile positions | INFERRED: region,name,neighbor walkability,gate role"
0x66,DW,0x5E,large,DW Fortress of Secrets (D8),Fortress of Secrets,S->$6E:open W->$65:open,ent6F->r125,,"VERIFIED: parent,size,entrances(ID->room),gate tile positions | INFERRED: region,name,neighbor walkability,gate role"
0x67,DW,0x5E,large,DW Fortress of Secrets (D8),Fortress of Secrets,S->$6F:blocked,,"Mitt x4 tiles {(9,16):DECOR} note: SHORTCUT: row inside Fortress area (both sides same zone)","VERIFIED: parent,size,entrances(ID->room),gate tile positions | INFERRED: region,name,neighbor walkability,gate role"
0x68,DW,0x68,small,DW Temporal Pyramid + Forest of Dreams (intro chunk),Forest of Dreams south,E->$69:open N->$58(60):open S->$70:blocked,,,"VERIFIED: parent,size,entrances(ID->room),gate tile positions | INFERRED: region,name,neighbor walkability,gate role"
0x69,DW,0x69,small,DW Temporal Pyramid + Forest of Dreams (intro chunk),Forest of Dreams south,E->$6A:open N->$58(61):open S->$70(71):blocked W->$68:open,,deepwater:20,"VERIFIED: parent,size,entrances(ID->room),gate tile positions | INFERRED: region,name,neighbor walkability,gate role"
0x6A,DW,0x6A,small,DW Temporal Pyramid + Forest of Dreams (intro chunk),Forest of Dreams exit (pad to LW $2A),E->$63(6B):open N->$62:open S->$72:blocked W->$69:open,,deepwater:56; warp-tile x1,"VERIFIED: parent,size,entrances(ID->room),gate tile positions | INFERRED: region,name,neighbor walkability,gate role"
0x6B,DW,0x63,large,DW Yesterwind village & swamp,Village of Yesterwind,S->$73:blocked W->$6A:open,,deepwater:549,"VERIFIED: parent,size,entrances(ID->room),gate tile positions | INFERRED: region,name,neighbor walkability,gate role"
0x6C,DW,0x63,large,DW Yesterwind village & swamp,Village of Yesterwind,E->$6D:open S->$73(74):blocked,,deepwater:519,"VERIFIED: parent,size,entrances(ID->room),gate tile positions | INFERRED: region,name,neighbor walkability,gate role"
0x6D,DW,0x6D,small,DW Yesterwind village & swamp,South swamp,E->$6E:open N->$65:open S->$75:blocked W->$63(6C):open,,,"VERIFIED: parent,size,entrances(ID->room),gate tile positions | INFERRED: region,name,neighbor walkability,gate role"
0x6E,DW,0x6E,small,DW Fortress of Secrets (D8),Fortress south,E->$6F:open N->$5E(66):open S->$76:open W->$6D:open,,,"VERIFIED: parent,size,entrances(ID->room),gate tile positions | INFERRED: region,name,neighbor walkability,gate role"
0x6F,DW,0x6F,small,DW Fortress of Secrets (D8),Fortress southeast,N->$5E(67):blocked S->$76(77):open W->$6E:open,ent59->r111,,"VERIFIED: parent,size,entrances(ID->room),gate tile positions | INFERRED: region,name,neighbor walkability,gate role"
0x70,DW,0x70,large,DW Underwater Abyss,Underwater Abyss,N->$68:blocked,ent62->r114 ent1D->rF6 ent59->r111 ent3C->r100 ent54->r11C,,"VERIFIED: parent,size,entrances(ID->room),gate tile positions | INFERRED: region,name,neighbor walkability,gate role"
0x71,DW,0x70,large,DW Underwater Abyss,Underwater Abyss,E->$72:open N->$69:blocked,,,"VERIFIED: parent,size,entrances(ID->room),gate tile positions | INFERRED: region,name,neighbor walkability,gate role"
0x72,DW,0x72,small,DW Underwater Abyss,Underwater Abyss,E->$73:open N->$6A:blocked S->$7A:blocked W->$70(71):open,,,"VERIFIED: parent,size,entrances(ID->room),gate tile positions | INFERRED: region,name,neighbor walkability,gate role"
0x73,DW,0x73,large,DW Underwater Abyss,Underwater Abyss,N->$63(6B):blocked W->$72:open,,,"VERIFIED: parent,size,entrances(ID->room),gate tile positions | INFERRED: region,name,neighbor walkability,gate role"
0x74,DW,0x73,large,DW Underwater Abyss,Underwater Abyss,E->$75:blocked N->$63(6C):blocked,ent6E->r124,,"VERIFIED: parent,size,entrances(ID->room),gate tile positions | INFERRED: region,name,neighbor walkability,gate role"
0x75,DW,0x75,small,DW Underwater Abyss,Underwater Abyss (Octobos),E->$76:blocked N->$6D:blocked S->$7D:open W->$73(74):blocked,ent3D->r11E,deepwater:109,"VERIFIED: parent,size,entrances(ID->room),gate tile positions | INFERRED: region,name,neighbor walkability,gate role"
0x76,DW,0x76,large,DW Abyss desert beach,Abyss desert beach (LW $37 pad lands),N->$6E:open W->$75:blocked,,deepwater:167,"VERIFIED: parent,size,entrances(ID->room),gate tile positions | INFERRED: region,name,neighbor walkability,gate role"
0x77,DW,0x76,large,DW Abyss desert beach,Abyss desert beach,N->$6F:open,,,"VERIFIED: parent,size,entrances(ID->room),gate tile positions | INFERRED: region,name,neighbor walkability,gate role"
0x78,DW,0x70,large,DW Underwater Abyss,Underwater Abyss,,,deepwater:1,"VERIFIED: parent,size,entrances(ID->room),gate tile positions | INFERRED: region,name,neighbor walkability,gate role"
0x79,DW,0x70,large,DW Underwater Abyss,Underwater Abyss (Sea Shrine plan),E->$7A:open,,,"VERIFIED: parent,size,entrances(ID->room),gate tile positions | INFERRED: region,name,neighbor walkability,gate role"
0x7A,DW,0x7A,small,DW Underwater Abyss,Underwater Abyss,E->$73(7B):blocked N->$72:blocked W->$70(79):open,ent29->r60,,"VERIFIED: parent,size,entrances(ID->room),gate tile positions | INFERRED: region,name,neighbor walkability,gate role"
0x7B,DW,0x73,large,DW Underwater Abyss,Underwater Abyss,W->$7A:blocked,,,"VERIFIED: parent,size,entrances(ID->room),gate tile positions | INFERRED: region,name,neighbor walkability,gate role"
0x7C,DW,0x73,large,DW Underwater Abyss,Underwater Abyss,E->$7D:open,,,"VERIFIED: parent,size,entrances(ID->room),gate tile positions | INFERRED: region,name,neighbor walkability,gate role"
0x7D,DW,0x7D,small,DW Underwater Abyss,Underwater Abyss (whirlpool lands),E->$76(7E):blocked N->$75:open W->$73(7C):open,,,"VERIFIED: parent,size,entrances(ID->room),gate tile positions | INFERRED: region,name,neighbor walkability,gate role"
0x7E,DW,0x76,large,DW Abyss desert beach,Abyss desert beach,W->$7D:blocked,ent53->r11C,deepwater:193,"VERIFIED: parent,size,entrances(ID->room),gate tile positions | INFERRED: region,name,neighbor walkability,gate role"
0x7F,DW,0x76,large,DW Abyss desert beach,Abyss desert beach,,ent41->r117,deepwater:111,"VERIFIED: parent,size,entrances(ID->room),gate tile positions | INFERRED: region,name,neighbor walkability,gate role"
0x80,SW,0x80,small,SW Forest Glade / Tree house,Forest Glade (left) + Tree house (right),E->$81:blocked(special camera) S->$88:blocked(special camera),,,"VERIFIED: parent,size,entrances(ID->room),gate tile positions | INFERRED: region,name,neighbor walkability,gate role | special-camera map: borders closed"
0x81,SW,0x81,large,SW Korok Cove,Korok Cove,W->$80:blocked(special camera),,deepwater:327,"VERIFIED: parent,size,entrances(ID->room),gate tile positions | INFERRED: region,name,neighbor walkability,gate role"
0x82,SW,0x81,large,SW Korok Cove,Korok Cove,E->$83:open,,deepwater:326,"VERIFIED: parent,size,entrances(ID->room),gate tile positions | INFERRED: region,name,neighbor walkability,gate role"
0x83,SW,0x83,small,SW East Kalyxo (doc plan; drafts),East of Korok Cove (test foot bridge to Sky),E->$84:open S->$8B:blocked W->$81(82):open,,deepwater:24,"VERIFIED: parent,size,entrances(ID->room),gate tile positions | INFERRED: region,name,neighbor walkability,gate role"
0x84,SW,0x84,small,SW Sky Islands (drafts),,E->$85:open S->$8C:open W->$83:open,,"Hammer x4 tiles {(15,6):DECOR (21,6):DECOR (15,12):DECOR (21,12):DECOR} note: DECOR (sky draft corners); deepwater:11","VERIFIED: parent,size,entrances(ID->room),gate tile positions | INFERRED: region,name,neighbor walkability,gate role"
0x85,SW,0x85,small,SW Sky Islands (drafts),,E->$86:open S->$8D:open W->$84:open,,deepwater:6,"VERIFIED: parent,size,entrances(ID->room),gate tile positions | INFERRED: region,name,neighbor walkability,gate role"
0x86,SW,0x86,small,SW Sky Islands (drafts),,E->$87:open S->$8E:open W->$85:open,,,"VERIFIED: parent,size,entrances(ID->room),gate tile positions | INFERRED: region,name,neighbor walkability,gate role"
0x87,SW,0x87,small,SW Sky Islands (drafts),,S->$8F:open W->$86:open,,,"VERIFIED: parent,size,entrances(ID->room),gate tile positions | INFERRED: region,name,neighbor walkability,gate role"
0x88,SW,0x88,small,SW unused/blank,vanilla leftover (exit $189 target),E->$81(89):blocked(special camera) N->$80:blocked(special camera) S->$90:blocked(special camera),,,"VERIFIED: parent,size,entrances(ID->room),gate tile positions | INFERRED: region,name,neighbor walkability,gate role | special-camera map: borders closed"
0x89,SW,0x81,large,SW Korok Cove,Korok Cove,S->$91:blocked(special camera) W->$88:blocked(special camera),,deepwater:301,"VERIFIED: parent,size,entrances(ID->room),gate tile positions | INFERRED: region,name,neighbor walkability,gate role"
0x8A,SW,0x81,large,SW Korok Cove,Korok Cove,E->$8B:open S->$92:blocked,,deepwater:345,"VERIFIED: parent,size,entrances(ID->room),gate tile positions | INFERRED: region,name,neighbor walkability,gate role"
0x8B,SW,0x8B,small,SW East Kalyxo (doc plan; drafts),East Kalyxo (draft),E->$8C:blocked N->$83:blocked S->$93:open W->$81(8A):open,,deepwater:310,"VERIFIED: parent,size,entrances(ID->room),gate tile positions | INFERRED: region,name,neighbor walkability,gate role"
0x8C,SW,0x8C,small,SW Sky Islands (drafts),,E->$8D:open N->$84:open S->$94:open W->$8B:blocked,,"Hammer x4 tiles {(6,5):DECOR (25,5):DECOR (6,25):DECOR (25,25):DECOR} note: DECOR (sky draft corners)","VERIFIED: parent,size,entrances(ID->room),gate tile positions | INFERRED: region,name,neighbor walkability,gate role"
0x8D,SW,0x8D,small,SW Sky Islands (drafts),,E->$8E:open N->$85:open S->$95:open W->$8C:open,,,"VERIFIED: parent,size,entrances(ID->room),gate tile positions | INFERRED: region,name,neighbor walkability,gate role"
0x8E,SW,0x8E,small,SW Sky Islands (drafts),,E->$8F:open N->$86:open S->$96:open W->$8D:open,,,"VERIFIED: parent,size,entrances(ID->room),gate tile positions | INFERRED: region,name,neighbor walkability,gate role"
0x8F,SW,0x8F,small,SW Sky Islands (drafts),,N->$87:open S->$97:blocked W->$8E:open,,,"VERIFIED: parent,size,entrances(ID->room),gate tile positions | INFERRED: region,name,neighbor walkability,gate role"
0x90,SW,0x90,small,SW East Kalyxo (doc plan; drafts),,E->$91:blocked(special camera) N->$88:blocked(special camera) S->$98:open,,deepwater:400,"VERIFIED: parent,size,entrances(ID->room),gate tile positions | INFERRED: region,name,neighbor walkability,gate role"
0x91,SW,0x91,small,SW East Kalyxo (doc plan; drafts),Tiny house ($191) / East Kalyxo plan conflict,E->$92:blocked(special camera) N->$81(89):blocked(special camera) S->$99:blocked(special camera) W->$90:blocked(special camera),,deepwater:848,"VERIFIED: parent,size,entrances(ID->room),gate tile positions | INFERRED: region,name,neighbor walkability,gate role | special-camera map: borders closed"
0x92,SW,0x92,small,SW East Kalyxo (doc plan; drafts),,E->$93:blocked N->$81(8A):blocked S->$9A:blocked W->$91:blocked(special camera),,deepwater:936,"VERIFIED: parent,size,entrances(ID->room),gate tile positions | INFERRED: region,name,neighbor walkability,gate role"
0x93,SW,0x93,small,SW East Kalyxo (doc plan; drafts),,E->$94:swim N->$8B:open S->$9B:open W->$92:blocked,,deepwater:224,"VERIFIED: parent,size,entrances(ID->room),gate tile positions | INFERRED: region,name,neighbor walkability,gate role"
0x94,SW,0x94,small,SW unused/blank,,E->$95:open N->$8C:open S->$9C:blocked W->$93:swim,,deepwater:1024,"VERIFIED: parent,size,entrances(ID->room),gate tile positions | INFERRED: region,name,neighbor walkability,gate role"
0x95,SW,0x95,small,SW unused/blank,,E->$96:open N->$8D:open S->$9D:blocked W->$94:open,,,"VERIFIED: parent,size,entrances(ID->room),gate tile positions | INFERRED: region,name,neighbor walkability,gate role"
0x96,SW,0x96,small,SW unused/blank,,E->$97:open N->$8E:open S->$9E:open W->$95:open,,,"VERIFIED: parent,size,entrances(ID->room),gate tile positions | INFERRED: region,name,neighbor walkability,gate role"
0x97,SW,0x97,small,SW unused/blank,,N->$8F:blocked S->$9F:open W->$96:open,,,"VERIFIED: parent,size,entrances(ID->room),gate tile positions | INFERRED: region,name,neighbor walkability,gate role"
0x98,SW,0x98,small,SW East Kalyxo (doc plan; drafts),,E->$99:swim N->$90:open,,deepwater:548,"VERIFIED: parent,size,entrances(ID->room),gate tile positions | INFERRED: region,name,neighbor walkability,gate role"
0x99,SW,0x99,small,SW East Kalyxo (doc plan; drafts),River Zora Village (doc plan),E->$9A:swim N->$91:blocked(special camera) W->$98:swim,,deepwater:795,"VERIFIED: parent,size,entrances(ID->room),gate tile positions | INFERRED: region,name,neighbor walkability,gate role"
0x9A,SW,0x9A,small,SW East Kalyxo (doc plan; drafts),,E->$9B:swim N->$92:blocked W->$99:swim,,deepwater:627,"VERIFIED: parent,size,entrances(ID->room),gate tile positions | INFERRED: region,name,neighbor walkability,gate role"
0x9B,SW,0x9B,small,SW East Kalyxo (doc plan; drafts),,E->$9C:swim N->$93:open W->$9A:swim,,deepwater:341,"VERIFIED: parent,size,entrances(ID->room),gate tile positions | INFERRED: region,name,neighbor walkability,gate role"
0x9C,SW,0x9C,small,SW unused/blank,,E->$9D:open N->$94:blocked W->$9B:swim,,deepwater:826,"VERIFIED: parent,size,entrances(ID->room),gate tile positions | INFERRED: region,name,neighbor walkability,gate role"
0x9D,SW,0x9D,small,SW unused/blank,,E->$9E:open N->$95:blocked W->$9C:open,,,"VERIFIED: parent,size,entrances(ID->room),gate tile positions | INFERRED: region,name,neighbor walkability,gate role"
0x9E,SW,0x9E,small,SW unused/blank,,E->$9F:open N->$96:open W->$9D:open,,,"VERIFIED: parent,size,entrances(ID->room),gate tile positions | INFERRED: region,name,neighbor walkability,gate role"
0x9F,SW,0x9F,small,SW unused/blank,,N->$97:open W->$9E:open,,,"VERIFIED: parent,size,entrances(ID->room),gate tile positions | INFERRED: region,name,neighbor walkability,gate role"
